{"Symbol":{"0":"ATEC","1":"EME"},"Company Name":{"0":"Alphatec Holdings Inc. Common Stock","1":"EMCOR Group Inc. Common Stock"},"Industry":{"0":"Medical\/Dental Instruments","1":"Engineering & Construction"},"RS":{"0":94,"1":91},"Price":{"0":17.3899993896,"1":190.4700012207},"Market Cap":{"0":2060062105,"1":9056037098},"50-day Average Volume":{"0":1248844,"1":453950},"% Below 52-week High":{"0":9.143158884,"1":1.1187534221},"10-day EMA":{"0":17.65,"1":189.08},"21-day EMA":{"0":17.55,"1":186.48},"50-day SMA":{"0":16.52,"1":178.02},"200-day SMA":{"0":13.76,"1":157.92},"52-week high":{"0":19.14,"1":192.625}}